,Area,2015-10-04 00:00:00,2015-10-04 00:05:00,2015-10-04 00:10:00,2015-10-04 00:15:00,2015-10-04 00:20:00,2015-10-04 00:25:00,2015-10-04 00:30:00,2015-10-04 00:35:00,2015-10-04 00:40:00,2015-10-04 00:45:00,2015-10-04 00:50:00,2015-10-04 00:55:00,2015-10-04 01:00:00,2015-10-04 01:05:00,2015-10-04 01:10:00,2015-10-04 01:15:00,2015-10-04 01:20:00,2015-10-04 01:25:00,2015-10-04 01:30:00,2015-10-04 01:35:00,2015-10-04 01:40:00,2015-10-04 01:45:00,2015-10-04 01:50:00,2015-10-04 01:55:00,2015-10-04 02:00:00,2015-10-04 02:05:00,2015-10-04 02:10:00,2015-10-04 02:15:00,2015-10-04 02:20:00,2015-10-04 02:25:00,2015-10-04 02:30:00,2015-10-04 02:35:00,2015-10-04 02:40:00,2015-10-04 02:45:00,2015-10-04 02:50:00,2015-10-04 02:55:00,2015-10-04 03:00:00,2015-10-04 03:05:00,2015-10-04 03:10:00,2015-10-04 03:15:00,2015-10-04 03:20:00,2015-10-04 03:25:00,2015-10-04 03:30:00,2015-10-04 03:35:00,2015-10-04 03:40:00,2015-10-04 03:45:00,2015-10-04 03:50:00,2015-10-04 03:55:00,2015-10-04 04:00:00,2015-10-04 04:05:00,2015-10-04 04:10:00,2015-10-04 04:15:00,2015-10-04 04:20:00,2015-10-04 04:25:00,2015-10-04 04:30:00,2015-10-04 04:35:00,2015-10-04 04:40:00,2015-10-04 04:45:00,2015-10-04 04:50:00,2015-10-04 04:55:00,2015-10-04 05:00:00,2015-10-04 05:05:00,2015-10-04 05:10:00,2015-10-04 05:15:00,2015-10-04 05:20:00,2015-10-04 05:25:00,2015-10-04 05:30:00,2015-10-04 05:35:00,2015-10-04 05:40:00,2015-10-04 05:45:00,2015-10-04 05:50:00,2015-10-04 05:55:00,2015-10-04 06:00:00,2015-10-04 06:05:00,2015-10-04 06:10:00,2015-10-04 06:15:00,2015-10-04 06:20:00,2015-10-04 06:25:00,2015-10-04 06:30:00,2015-10-04 06:35:00,2015-10-04 06:40:00,2015-10-04 06:45:00,2015-10-04 06:50:00,2015-10-04 06:55:00,2015-10-04 07:00:00,2015-10-04 07:05:00,2015-10-04 07:10:00,2015-10-04 07:15:00,2015-10-04 07:20:00,2015-10-04 07:25:00,2015-10-04 07:30:00,2015-10-04 07:35:00,2015-10-04 07:40:00,2015-10-04 07:45:00,2015-10-04 07:50:00,2015-10-04 07:55:00,2015-10-04 08:00:00,2015-10-04 08:05:00,2015-10-04 08:10:00,2015-10-04 08:15:00,2015-10-04 08:20:00,2015-10-04 08:25:00,2015-10-04 08:30:00,2015-10-04 08:35:00,2015-10-04 08:40:00,2015-10-04 08:45:00,2015-10-04 08:50:00,2015-10-04 08:55:00,2015-10-04 09:00:00,2015-10-04 09:05:00,2015-10-04 09:10:00,2015-10-04 09:15:00,2015-10-04 09:20:00,2015-10-04 09:25:00,2015-10-04 09:30:00,2015-10-04 09:35:00,2015-10-04 09:40:00,2015-10-04 09:45:00,2015-10-04 09:50:00,2015-10-04 09:55:00,2015-10-04 10:00:00,2015-10-04 10:05:00,2015-10-04 10:10:00,2015-10-04 10:15:00,2015-10-04 10:20:00,2015-10-04 10:25:00,2015-10-04 10:30:00,2015-10-04 10:35:00,2015-10-04 10:40:00,2015-10-04 10:45:00,2015-10-04 10:50:00,2015-10-04 10:55:00,2015-10-04 11:00:00,2015-10-04 11:05:00,2015-10-04 11:10:00,2015-10-04 11:15:00,2015-10-04 11:20:00,2015-10-04 11:25:00,2015-10-04 11:30:00,2015-10-04 11:35:00,2015-10-04 11:40:00,2015-10-04 11:45:00,2015-10-04 11:50:00,2015-10-04 11:55:00,2015-10-04 12:00:00,2015-10-04 12:05:00,2015-10-04 12:10:00,2015-10-04 12:15:00,2015-10-04 12:20:00,2015-10-04 12:25:00,2015-10-04 12:30:00,2015-10-04 12:35:00,2015-10-04 12:40:00,2015-10-04 12:45:00,2015-10-04 12:50:00,2015-10-04 12:55:00,2015-10-04 13:00:00,2015-10-04 13:05:00,2015-10-04 13:10:00,2015-10-04 13:15:00,2015-10-04 13:20:00,2015-10-04 13:25:00,2015-10-04 13:30:00,2015-10-04 13:35:00,2015-10-04 13:40:00,2015-10-04 13:45:00,2015-10-04 13:50:00,2015-10-04 13:55:00,2015-10-04 14:00:00,2015-10-04 14:05:00,2015-10-04 14:10:00,2015-10-04 14:15:00,2015-10-04 14:20:00,2015-10-04 14:25:00,2015-10-04 14:30:00,2015-10-04 14:35:00,2015-10-04 14:40:00,2015-10-04 14:45:00,2015-10-04 14:50:00,2015-10-04 14:55:00,2015-10-04 15:00:00,2015-10-04 15:05:00,2015-10-04 15:10:00,2015-10-04 15:15:00,2015-10-04 15:20:00,2015-10-04 15:25:00,2015-10-04 15:30:00,2015-10-04 15:35:00,2015-10-04 15:40:00,2015-10-04 15:45:00,2015-10-04 15:50:00,2015-10-04 15:55:00,2015-10-04 16:00:00,2015-10-04 16:05:00,2015-10-04 16:10:00,2015-10-04 16:15:00,2015-10-04 16:20:00,2015-10-04 16:25:00,2015-10-04 16:30:00,2015-10-04 16:35:00,2015-10-04 16:40:00,2015-10-04 16:45:00,2015-10-04 16:50:00,2015-10-04 16:55:00,2015-10-04 17:00:00,2015-10-04 17:05:00,2015-10-04 17:10:00,2015-10-04 17:15:00,2015-10-04 17:20:00,2015-10-04 17:25:00,2015-10-04 17:30:00,2015-10-04 17:35:00,2015-10-04 17:40:00,2015-10-04 17:45:00,2015-10-04 17:50:00,2015-10-04 17:55:00,2015-10-04 18:00:00,2015-10-04 18:05:00,2015-10-04 18:10:00,2015-10-04 18:15:00,2015-10-04 18:20:00,2015-10-04 18:25:00,2015-10-04 18:30:00,2015-10-04 18:35:00,2015-10-04 18:40:00,2015-10-04 18:45:00,2015-10-04 18:50:00,2015-10-04 18:55:00,2015-10-04 19:00:00,2015-10-04 19:05:00,2015-10-04 19:10:00,2015-10-04 19:15:00,2015-10-04 19:20:00,2015-10-04 19:25:00,2015-10-04 19:30:00,2015-10-04 19:35:00,2015-10-04 19:40:00,2015-10-04 19:45:00,2015-10-04 19:50:00,2015-10-04 19:55:00,2015-10-04 20:00:00,2015-10-04 20:05:00,2015-10-04 20:10:00,2015-10-04 20:15:00,2015-10-04 20:20:00,2015-10-04 20:25:00,2015-10-04 20:30:00,2015-10-04 20:35:00,2015-10-04 20:40:00,2015-10-04 20:45:00,2015-10-04 20:50:00,2015-10-04 20:55:00,2015-10-04 21:00:00,2015-10-04 21:05:00,2015-10-04 21:10:00,2015-10-04 21:15:00,2015-10-04 21:20:00,2015-10-04 21:25:00,2015-10-04 21:30:00,2015-10-04 21:35:00,2015-10-04 21:40:00,2015-10-04 21:45:00,2015-10-04 21:50:00,2015-10-04 21:55:00,2015-10-04 22:00:00,2015-10-04 22:05:00,2015-10-04 22:10:00,2015-10-04 22:15:00,2015-10-04 22:20:00,2015-10-04 22:25:00,2015-10-04 22:30:00,2015-10-04 22:35:00,2015-10-04 22:40:00,2015-10-04 22:45:00,2015-10-04 22:50:00,2015-10-04 22:55:00,2015-10-04 23:00:00,2015-10-04 23:05:00,2015-10-04 23:10:00,2015-10-04 23:15:00,2015-10-04 23:20:00,2015-10-04 23:25:00,2015-10-04 23:30:00,2015-10-04 23:35:00,2015-10-04 23:40:00,2015-10-04 23:45:00,2015-10-04 23:50:00,2015-10-04 23:55:00
0,A1,3,12,4,9,5,14,4,4,8,8,11,5,9,6,7,10,7,7,10,2,6,8,3,2,3,4,5,11,1,6,7,5,3,8,6,5,2,5,3,4,2,7,3,2,0,4,5,2,4,3,3,4,6,3,2,5,3,2,1,3,5,2,1,4,5,3,7,1,1,4,2,5,3,8,3,7,5,7,16,19,12,13,15,24,14,13,17,15,20,17,11,26,27,23,36,36,36,27,28,27,27,26,36,27,25,33,38,30,42,30,28,37,27,48,26,28,34,28,32,46,30,24,32,36,20,37,39,22,32,28,25,39,32,14,34,24,25,29,27,12,35,29,29,33,22,26,44,43,27,29,29,20,20,18,14,20,19,18,23,14,15,12,15,10,18,18,16,17,16,16,15,17,18,13,17,29,20,14,13,17,19,19,13,10,16,14,14,22,17,16,20,19,14,22,15,17,16,17,18,16,25,20,15,20,21,14,11,15,18,15,29,18,17,19,15,18,10,12,24,20,16,16,25,18,22,37,10,25,17,25,30,17,31,20,18,21,21,29,12,21,19,28,27,20,20,27,29,20,24,24,21,30,22,28,23,21,15,33,17,20,31,31,15,4,17,18,12,17,8,15,19,7,11,7,8,10,10,9,6,2,11,8,6,8,8,5,9,5
1,A2,6,0,8,4,4,4,2,5,3,1,3,2,3,0,5,2,1,4,2,1,4,3,1,1,1,3,2,4,3,2,1,1,0,0,3,3,1,1,0,3,1,0,1,1,3,1,2,2,0,1,1,1,3,1,0,0,1,0,0,1,0,1,2,2,1,0,2,0,1,3,2,1,3,4,3,4,5,5,8,5,3,6,0,0,0,0,0,0,0,0,0,0,0,0,0,0,0,0,0,0,0,0,0,0,0,0,0,0,0,1,0,0,0,1,0,0,0,0,0,0,0,0,0,0,0,0,0,0,0,0,0,0,0,0,0,0,0,0,0,0,0,0,0,0,0,0,0,0,0,0,0,0,0,0,0,0,0,0,0,0,0,0,0,0,0,0,0,0,0,0,0,0,0,0,0,0,0,0,0,0,0,0,0,0,0,0,0,0,0,0,0,0,0,0,0,0,0,0,0,0,0,0,0,0,0,0,0,0,0,0,0,0,0,0,0,0,0,0,0,0,0,0,0,1,2,8,7,8,5,7,11,6,13,6,13,5,10,7,10,8,10,6,8,8,7,14,5,6,8,4,6,5,8,10,11,8,10,6,4,12,5,2,14,9,6,7,14,3,3,9,6,7,5,7,7,9,5,11,3,3,7,4,4,7,2,2,6,4
2,A3,7,6,10,4,7,3,1,4,5,6,5,7,2,8,6,6,2,8,5,4,5,8,3,3,6,3,1,2,1,2,2,3,1,3,0,0,1,1,2,1,1,0,3,1,0,2,2,1,3,1,1,2,1,2,4,0,3,3,4,1,1,2,3,2,4,2,2,8,4,2,5,2,0,8,7,5,6,5,8,1,5,9,7,8,3,12,10,6,9,9,3,9,3,13,15,7,15,10,9,15,9,7,13,5,11,8,18,12,12,7,13,10,13,20,9,16,9,11,23,9,18,21,9,19,12,21,20,18,11,11,18,15,6,12,7,10,19,13,9,14,15,13,16,21,23,13,15,19,12,11,17,11,19,16,22,21,15,19,12,12,26,18,24,16,20,12,20,25,13,15,20,16,19,21,24,27,18,19,6,17,17,15,15,17,13,23,21,35,16,22,24,19,27,20,18,18,25,20,23,24,24,19,24,19,22,19,14,23,21,23,12,17,11,26,18,12,13,24,14,12,21,16,23,21,18,30,14,23,11,16,18,13,18,20,14,18,16,16,26,20,23,10,17,22,21,16,18,20,15,18,27,19,18,15,16,22,14,19,17,19,7,10,18,17,17,28,13,28,16,17,14,14,15,9,10,18,12,11,0,0,10,12,10,12,5,2,12,9
3,A4,11,3,6,7,3,10,6,5,3,6,8,4,4,9,2,7,2,4,3,3,2,0,3,3,3,7,3,2,5,2,1,2,4,3,6,0,1,3,3,0,3,3,5,4,0,0,2,0,0,3,1,1,1,4,2,1,1,2,2,5,0,2,1,3,4,1,4,2,3,5,3,1,5,9,16,5,7,9,10,14,12,10,9,10,11,11,7,13,10,9,3,13,6,7,15,14,10,14,12,14,13,21,21,21,20,11,21,24,21,23,17,24,24,25,26,22,29,32,32,27,24,33,31,26,26,36,30,29,24,20,31,38,26,26,32,30,19,24,23,23,25,23,20,22,35,30,30,32,33,22,25,27,15,12,20,28,20,17,16,28,25,17,21,16,18,32,21,19,28,24,22,17,15,18,17,16,29,25,22,16,25,18,27,28,17,14,24,27,22,12,18,16,18,19,11,12,20,18,13,24,21,26,30,23,21,20,19,19,21,18,19,15,17,21,10,12,3,2,9,22,4,14,17,15,17,10,14,12,20,19,18,18,12,19,19,16,23,22,23,28,17,6,11,23,8,8,10,6,6,5,4,15,10,9,13,10,12,18,10,16,15,6,17,8,16,15,13,16,6,11,6,12,6,9,5,12,5,7,0,1,10,11,8,7,4,3,6,5
4,A5,7,7,10,13,7,16,12,7,18,9,7,9,8,14,12,9,8,9,10,6,7,6,10,4,8,5,0,6,7,4,9,3,4,8,6,6,9,8,10,3,4,4,2,4,0,3,3,2,2,4,2,5,4,4,4,1,7,5,3,4,3,4,6,2,4,3,3,4,5,4,7,5,3,5,2,7,3,8,7,7,10,12,10,11,13,8,7,7,16,13,16,14,13,11,23,19,17,15,12,20,23,19,22,14,19,15,24,22,10,26,22,22,26,26,18,39,20,22,23,24,20,23,26,27,21,18,25,25,30,22,24,30,25,21,25,26,22,21,19,33,23,24,25,24,19,21,22,30,27,30,21,31,27,17,28,26,23,34,26,26,25,33,40,33,35,37,29,43,25,29,44,32,31,35,18,44,36,32,39,31,37,37,37,35,40,51,41,32,38,47,36,40,34,37,41,39,29,33,37,49,42,40,42,46,25,38,32,47,40,38,30,33,35,42,40,31,32,28,41,23,32,25,21,26,23,21,22,29,30,23,28,31,23,39,41,23,33,24,27,21,27,24,34,29,36,24,27,28,30,38,23,25,28,29,27,24,37,26,27,48,44,22,26,24,29,24,25,30,33,60,23,21,10,16,17,10,6,13,15,16,36,26,17,24,13,8,12,8
5,A6,10,8,21,18,12,10,20,12,19,12,10,13,11,16,13,13,16,12,11,11,7,6,8,1,13,8,4,8,3,14,2,10,4,9,4,8,8,3,7,0,7,5,10,5,5,4,8,3,6,5,7,9,2,5,9,6,4,4,1,4,4,9,6,7,5,3,3,6,6,5,4,8,7,3,11,13,8,6,10,6,13,15,16,13,19,14,21,21,22,23,23,12,16,24,23,27,29,31,25,39,26,48,23,37,26,30,47,36,36,40,61,43,42,49,39,61,41,41,44,48,45,42,47,47,46,53,44,44,44,41,38,45,54,48,41,37,45,42,25,38,59,42,38,43,36,45,54,37,50,62,47,56,61,37,37,47,37,48,38,30,33,24,27,28,38,55,33,52,42,46,39,42,42,50,36,59,59,53,40,55,50,52,39,45,43,49,39,46,48,44,37,49,57,40,49,35,44,56,54,48,44,43,42,59,39,49,59,42,37,57,43,36,45,39,22,41,38,29,41,39,26,38,33,33,37,22,34,39,31,40,32,37,41,45,36,35,37,30,43,32,30,37,36,43,41,29,35,45,51,43,37,45,44,45,43,30,39,43,33,39,47,25,31,32,27,35,40,31,34,49,36,29,18,14,17,16,10,20,12,29,16,15,24,17,23,21,9,17
6,A7,21,13,13,15,20,16,19,13,26,17,15,13,16,15,17,21,23,19,28,23,25,16,20,27,10,16,24,13,14,16,23,9,16,6,6,10,20,23,31,17,20,10,12,6,13,8,4,5,14,4,10,12,11,9,10,5,9,9,14,7,18,7,9,9,8,24,16,15,15,24,28,15,25,24,31,23,26,26,28,25,27,41,22,56,43,48,32,47,31,43,53,60,59,71,74,66,74,57,74,81,79,89,88,76,99,109,129,95,97,115,92,115,125,131,121,105,104,101,101,119,116,117,119,111,123,111,108,114,96,109,96,88,81,80,92,95,88,80,78,85,84,75,71,106,99,99,92,94,109,72,60,67,57,81,72,83,101,77,94,103,70,89,95,77,84,101,63,101,96,86,87,100,94,66,99,69,80,82,79,100,75,89,89,100,109,80,114,99,82,98,99,108,81,89,90,92,66,85,96,79,91,90,84,97,112,94,113,112,139,112,83,95,82,109,73,81,72,65,51,62,55,55,54,63,72,59,63,65,74,69,78,85,81,74,75,74,68,80,62,74,90,86,87,72,67,67,52,70,67,64,54,74,63,51,64,80,101,66,62,46,40,45,39,57,33,50,40,59,40,52,34,44,36,54,47,88,43,51,26,22,19,30,17,32,21,27,16,20
7,A8,7,30,37,23,21,31,33,26,40,35,26,30,29,30,33,18,36,41,30,32,14,23,31,27,23,29,16,18,16,21,16,20,17,19,17,17,21,23,11,16,17,13,8,11,13,17,15,18,33,17,26,29,19,23,37,36,25,34,27,32,33,40,44,32,42,48,38,37,46,59,50,39,50,40,48,68,53,73,69,60,56,79,61,69,69,82,80,90,74,81,99,95,91,95,105,134,111,109,81,120,107,119,97,107,125,122,112,102,126,92,103,144,137,123,127,133,122,110,114,91,112,101,102,99,108,105,102,112,96,83,92,67,103,97,122,117,96,108,92,87,98,125,111,93,111,97,109,116,103,109,136,119,123,124,130,131,108,116,122,120,107,114,115,119,104,122,114,88,101,114,122,103,109,118,118,118,105,104,119,97,113,108,124,107,115,108,124,123,125,108,110,76,92,98,107,98,110,107,95,103,116,119,99,121,95,104,99,83,92,88,100,100,106,105,76,93,81,100,97,106,101,82,76,89,88,83,74,77,119,101,88,96,94,101,97,88,80,101,113,104,86,94,58,89,84,122,87,66,67,80,94,91,84,97,77,81,77,60,80,70,60,73,60,73,58,52,72,71,64,49,51,61,51,56,46,49,35,51,30,26,45,31,37,44,33,31,30,39
8,A9,17,50,47,39,38,45,30,42,37,49,19,28,34,31,33,24,33,25,27,26,21,23,23,21,20,20,9,25,18,20,13,16,17,11,15,10,14,16,15,12,13,11,12,13,14,13,11,10,9,9,13,9,9,14,11,11,10,12,9,11,9,8,6,11,8,15,11,14,10,19,11,9,17,14,12,18,20,13,21,20,36,25,29,36,25,36,39,36,49,35,46,47,74,54,54,46,71,66,65,56,56,68,71,65,83,79,78,73,102,76,106,85,78,86,96,74,113,92,103,93,75,90,82,75,108,87,88,107,87,94,109,90,92,99,102,97,104,92,102,102,114,101,119,103,103,110,115,110,104,130,120,115,108,121,118,143,154,126,135,147,128,146,133,144,128,142,156,119,139,147,134,133,144,160,146,158,136,112,162,150,144,141,148,139,182,139,141,158,173,157,133,161,155,146,167,143,151,176,180,179,163,171,167,167,142,151,144,139,154,142,162,153,136,139,109,129,115,138,139,141,108,135,85,117,124,112,131,129,135,138,155,142,118,152,146,128,138,134,170,137,163,134,115,128,122,116,78,119,104,127,127,117,125,140,114,139,93,127,111,99,125,120,89,105,95,101,128,106,91,79,77,84,84,84,115,92,54,64,62,54,59,50,43,61,53,49,43,42
9,A10,22,27,29,20,30,25,32,25,30,18,28,16,26,15,15,22,17,25,25,18,19,12,9,12,10,17,14,11,11,11,9,9,4,11,15,12,11,10,8,15,5,13,12,12,14,6,8,6,4,14,1,8,10,9,7,9,11,4,3,5,10,8,11,8,12,13,10,10,18,13,14,7,18,20,13,28,28,26,29,19,26,33,50,37,39,40,48,40,40,56,60,67,67,65,81,72,76,76,80,94,86,96,83,70,85,78,91,89,83,94,84,91,97,70,94,94,83,74,109,104,75,89,95,94,107,96,88,75,89,95,69,91,76,72,85,91,99,107,83,92,86,104,92,98,91,77,82,74,95,94,87,88,94,96,76,91,66,84,93,89,78,92,105,86,76,80,88,77,86,89,78,96,102,79,78,88,91,95,95,93,89,106,69,95,64,76,89,88,79,77,89,78,77,93,107,108,102,90,89,98,80,109,93,90,130,136,139,112,169,145,154,129,34,60,91,62,78,60,77,72,95,95,95,59,106,95,105,79,84,78,76,78,60,85,62,73,88,78,65,72,92,81,94,92,94,87,78,96,80,69,89,108,67,76,65,95,62,44,93,110,55,79,65,69,58,55,52,66,66,46,48,59,44,45,45,42,41,41,43,32,37,38,43,33,38,52,31,35
10,A11,48,1,0,0,1,1,6,5,5,0,5,6,3,0,0,0,0,1,0,0,0,0,0,0,0,0,0,0,0,0,0,0,0,0,1,0,0,0,0,0,0,0,0,0,0,0,0,0,0,0,0,0,0,0,0,1,0,0,0,0,0,0,0,0,0,0,0,0,2,8,14,13,10,11,17,22,23,24,29,33,24,34,18,24,32,35,37,26,33,47,56,50,41,56,44,38,48,44,57,60,68,86,72,57,47,67,62,81,74,76,73,66,93,90,71,75,66,67,74,91,94,77,68,77,62,66,82,80,90,90,82,84,78,72,60,68,70,73,61,63,73,64,61,56,57,46,84,58,75,49,64,61,54,55,68,68,73,70,77,68,72,70,62,59,81,81,82,74,75,51,60,84,58,72,70,64,51,62,67,78,65,54,57,68,64,30,61,87,59,50,74,23,63,47,72,74,69,65,79,62,79,76,61,73,99,83,109,132,93,116,138,89,77,73,75,79,81,63,69,90,62,74,52,52,73,63,62,68,55,62,58,46,85,55,52,59,74,80,72,69,74,44,55,24,38,52,35,63,44,25,45,28,26,32,35,50,43,31,25,28,16,33,37,35,20,12,16,11,19,6,3,14,9,11,19,4,2,0,4,20,6,1,9,0,14,14,10,13
11,A12,2,9,7,6,4,10,6,4,10,3,6,7,4,5,5,4,5,7,6,2,2,1,2,2,3,3,1,1,3,4,2,0,2,2,2,3,2,3,3,1,2,2,2,1,3,2,4,3,2,0,0,2,2,3,1,2,1,1,2,1,1,2,2,5,0,1,5,6,5,5,7,7,3,3,5,8,5,11,11,9,9,13,7,11,10,11,17,16,13,28,20,17,14,12,24,18,18,25,21,26,23,36,27,21,11,0,0,0,0,0,0,0,0,0,0,0,0,0,0,0,0,0,0,0,0,0,0,0,0,0,18,41,35,60,28,34,29,28,20,18,29,26,25,34,27,15,26,22,31,25,25,34,40,26,25,29,35,23,33,29,38,33,21,26,23,27,28,33,26,33,28,32,32,31,29,39,30,35,39,35,23,29,40,31,37,38,33,38,37,43,34,42,31,21,34,38,43,45,27,41,29,35,39,37,33,40,35,44,36,52,44,47,47,32,35,33,40,35,39,25,25,30,27,38,30,21,16,28,29,15,32,34,28,26,24,21,54,19,28,31,20,25,28,20,23,29,26,31,22,39,28,46,18,18,29,27,21,23,29,26,19,16,19,10,24,16,21,15,21,23,11,11,14,12,18,13,16,4,7,9,11,6,5,11,9,7,6,5
12,A13,12,22,20,10,12,19,22,9,4,14,11,11,10,8,13,12,15,17,7,12,11,9,9,10,3,12,7,8,4,4,9,8,5,3,2,3,8,3,11,4,2,7,2,3,7,4,4,5,7,6,6,6,3,7,6,6,3,5,1,4,6,3,4,4,3,8,4,7,8,12,8,15,14,8,18,32,14,20,21,25,23,30,17,23,26,37,30,32,40,42,41,43,54,37,49,41,47,43,38,62,57,68,58,64,59,66,74,49,56,59,67,72,78,84,96,66,69,94,68,77,94,72,77,81,84,72,53,76,63,67,66,72,73,59,75,75,69,72,63,77,69,52,61,53,64,68,59,76,81,70,84,69,70,67,71,64,68,55,82,72,85,79,68,72,65,67,58,76,64,72,71,60,69,66,84,57,74,53,48,63,62,53,68,64,89,67,69,58,63,47,78,54,67,60,71,73,62,89,54,61,58,75,77,69,76,59,68,61,48,65,52,60,40,55,48,46,35,41,42,38,40,40,41,17,39,28,36,53,36,35,43,41,34,43,44,40,54,48,53,40,36,41,51,44,48,48,48,41,42,47,66,52,39,43,37,39,50,40,35,32,36,28,35,39,39,38,40,32,19,22,26,19,22,29,27,23,30,16,16,20,19,13,12,13,20,15,28,7
13,A14,9,20,15,24,17,12,12,20,16,11,25,17,17,9,17,13,16,20,15,25,8,11,11,10,5,7,10,13,7,5,10,5,10,7,6,9,3,7,4,6,7,5,3,10,8,6,7,1,4,6,6,4,5,6,2,4,2,6,5,6,6,4,5,8,7,9,8,13,10,5,11,9,13,11,18,14,9,24,18,21,29,23,20,25,39,30,26,43,34,33,59,51,37,41,46,42,60,56,51,69,50,41,63,54,60,53,65,59,52,68,67,44,65,55,65,60,58,66,64,73,49,63,50,66,67,61,56,70,72,50,71,64,53,55,42,56,56,63,84,55,59,40,66,53,61,51,43,47,45,63,56,55,53,55,50,53,45,63,43,64,53,58,61,45,58,59,61,50,64,59,67,76,66,59,45,57,47,60,54,37,55,55,58,64,57,51,26,41,52,58,62,29,15,6,67,44,62,49,56,64,71,67,57,58,67,66,59,56,38,65,57,45,46,42,42,30,38,32,37,29,31,29,27,32,29,32,43,39,41,42,29,41,39,45,54,42,38,41,53,50,69,49,71,60,42,66,65,70,41,43,47,60,55,46,56,53,34,36,73,79,58,63,44,52,37,42,34,36,46,49,33,28,29,26,31,29,20,38,29,24,23,31,19,28,15,12,11,13
14,A15,44,7,10,7,6,8,6,4,9,5,5,4,5,6,7,4,5,7,5,4,5,4,2,2,3,4,1,1,1,1,4,3,1,4,7,0,0,3,3,4,2,3,3,6,5,1,5,4,1,3,1,6,5,2,7,4,7,10,13,1,9,6,8,2,12,5,8,8,12,9,10,13,19,18,17,15,23,18,18,27,21,30,17,23,14,24,25,22,27,22,23,31,26,29,23,36,55,32,30,25,29,37,34,27,27,21,38,42,35,38,33,40,46,36,38,33,41,32,40,40,41,41,40,33,44,42,36,47,40,39,34,38,21,30,23,37,33,31,34,29,32,26,27,29,26,48,32,26,31,21,34,20,31,37,30,26,26,30,38,21,15,28,31,33,38,18,36,32,34,27,37,29,24,34,26,28,30,25,25,31,17,37,24,24,25,29,28,35,29,26,27,15,22,25,28,37,28,27,32,31,27,35,19,29,22,30,28,20,29,21,17,23,22,11,18,21,12,20,19,15,19,23,13,12,24,7,23,15,11,21,15,17,19,22,16,9,12,17,13,17,27,17,22,17,11,13,16,11,19,16,12,19,18,16,13,24,17,15,9,15,13,10,14,9,12,12,11,16,9,4,13,10,7,6,6,5,10,4,9,7,12,12,11,8,5,8,3,8
15,A16,16,10,5,14,12,5,8,6,9,13,9,5,11,7,9,4,6,10,6,9,4,13,5,10,3,5,6,7,7,7,3,2,6,7,4,4,5,5,5,11,9,3,10,8,3,5,5,4,4,4,4,8,4,3,10,5,4,2,7,3,6,8,7,10,6,5,8,4,14,5,13,8,11,6,12,3,11,8,9,8,4,7,9,11,12,19,14,19,18,22,18,13,25,30,26,13,21,34,20,20,26,21,25,29,34,27,33,26,17,28,27,18,29,36,35,26,17,24,37,34,26,29,24,34,37,21,29,28,24,31,26,32,23,27,34,28,45,28,41,36,21,33,10,36,25,28,18,23,27,26,23,24,28,22,21,28,22,32,36,28,33,29,32,30,25,38,33,34,26,34,39,28,30,32,30,25,33,26,36,47,32,45,41,34,31,25,40,33,30,29,32,31,35,34,31,36,36,30,49,24,43,33,38,43,42,46,36,34,30,34,35,34,32,36,25,29,16,19,14,19,35,39,26,16,35,28,20,20,29,23,25,26,21,26,17,21,22,18,23,19,26,27,21,28,18,26,31,22,11,21,25,36,30,27,24,26,21,17,19,31,14,14,21,16,22,10,16,22,10,15,22,15,20,16,20,11,13,25,13,18,15,23,19,6,13,6,9,12
16,A17,12,4,1,6,6,5,2,1,5,2,1,5,5,3,1,2,3,3,5,3,2,2,1,3,2,0,2,6,0,4,2,3,1,0,0,1,3,3,2,0,1,4,5,0,0,0,2,1,1,2,2,0,0,5,2,2,2,0,1,4,2,4,2,1,1,3,3,4,5,3,6,4,6,0,6,5,7,8,12,13,10,16,20,15,15,14,12,18,24,23,22,22,20,31,31,18,22,23,31,20,29,36,27,32,29,32,32,42,50,49,43,39,46,46,42,63,51,51,52,54,47,57,48,55,47,45,48,52,65,57,46,43,29,21,34,19,21,22,28,24,25,24,22,26,32,15,21,26,24,20,32,23,20,25,24,26,23,23,21,34,27,21,21,29,30,21,16,13,28,15,26,32,36,23,27,32,21,25,24,32,43,21,21,29,26,26,20,29,34,29,23,32,28,27,26,31,35,30,29,33,47,36,31,41,40,35,48,48,42,43,33,41,41,40,32,28,28,25,26,27,26,26,14,28,28,18,16,22,21,17,24,24,20,27,15,15,28,16,13,15,20,15,17,15,14,14,7,16,20,24,17,17,10,22,21,15,8,20,12,17,10,10,12,12,8,14,15,13,8,7,8,7,10,14,14,6,5,8,6,11,8,3,6,8,6,5,4,4
17,A18,5,6,5,3,3,3,4,4,4,3,1,4,11,3,0,3,2,2,4,3,1,1,6,0,1,4,1,1,2,4,2,3,0,0,0,2,2,0,2,4,1,3,3,1,0,1,2,1,4,1,1,1,4,3,0,4,1,2,0,2,1,1,6,2,5,5,1,2,4,3,5,5,6,6,8,4,9,4,13,12,7,11,14,13,25,13,21,21,32,29,22,23,25,27,28,28,30,20,32,40,29,28,35,39,28,44,17,39,46,74,55,32,33,27,31,35,33,30,34,34,31,41,32,27,25,31,35,29,31,23,23,29,28,26,28,31,18,24,32,22,19,26,18,23,19,21,18,30,21,38,27,28,22,35,37,56,40,60,56,65,56,57,54,46,62,51,90,76,68,75,74,54,44,42,42,38,42,63,62,65,86,69,66,71,73,104,75,52,103,90,77,48,58,34,39,48,51,58,75,79,87,108,75,88,67,85,74,80,75,75,58,87,61,55,77,52,63,65,59,72,67,60,69,74,53,34,30,27,23,18,38,39,54,65,64,51,59,65,60,36,25,22,19,18,24,54,53,50,50,45,19,17,13,18,21,14,14,20,14,15,10,18,11,7,14,12,11,14,9,8,5,11,11,14,4,5,6,7,3,5,2,2,3,4,4,7,7,6
18,A19,7,30,47,37,38,31,17,21,27,24,29,20,20,20,27,18,17,20,22,23,18,13,18,14,23,18,7,11,12,17,15,12,5,8,13,10,9,13,7,10,8,8,11,13,12,10,7,10,7,9,15,10,17,9,16,17,17,19,16,17,18,21,18,32,18,15,26,25,26,28,29,25,38,29,37,51,52,40,52,65,58,48,79,71,81,58,61,84,98,76,104,85,93,93,84,105,100,96,92,104,97,77,93,98,96,90,86,101,66,93,93,66,60,77,80,75,83,54,79,68,79,60,84,79,67,79,97,94,85,80,76,88,85,71,60,85,93,98,110,100,84,98,87,92,84,66,76,95,79,83,76,85,78,95,73,84,92,90,87,107,114,99,70,87,61,83,82,82,81,83,67,98,98,83,99,85,91,93,80,97,94,88,83,70,73,87,75,82,71,70,83,86,79,109,69,79,80,79,96,59,97,83,98,87,94,78,79,103,71,91,92,92,115,94,85,86,89,69,66,81,78,114,74,104,92,65,80,92,78,71,86,85,85,96,79,88,87,107,92,91,92,67,83,65,79,78,88,79,76,85,74,74,73,66,72,80,68,81,74,76,74,81,56,60,66,50,59,63,72,54,51,42,44,32,32,49,46,28,47,43,38,28,50,44,33,48,45,39
19,A20,27,2,6,2,5,4,7,5,4,4,4,4,4,3,6,1,2,2,3,2,1,2,1,1,3,1,1,1,4,3,2,3,1,5,1,1,1,0,1,0,1,2,2,2,2,2,1,1,1,0,1,1,2,1,2,3,0,0,1,1,0,0,1,1,0,0,1,11,4,5,1,5,6,3,4,7,4,9,6,9,9,4,11,6,11,12,6,14,19,15,12,6,20,16,14,16,14,11,15,15,14,22,23,17,12,13,12,15,21,17,22,19,21,24,20,28,16,14,20,23,23,14,22,21,20,13,18,18,17,25,19,24,23,18,11,29,22,22,26,23,20,20,16,19,22,23,16,21,18,21,26,16,19,19,22,19,16,17,22,21,18,20,18,24,20,8,20,11,24,25,12,24,11,28,20,22,18,32,29,25,26,14,27,24,17,18,31,20,28,18,24,24,32,27,25,37,17,27,22,23,28,19,27,26,22,26,22,41,26,28,28,41,21,19,23,20,17,19,16,8,17,18,17,9,18,17,15,20,23,14,9,19,11,14,17,12,11,17,21,16,12,20,21,18,10,22,12,14,14,20,20,17,11,12,16,17,15,14,14,27,9,10,14,9,10,9,10,11,12,9,10,6,5,9,9,13,2,13,6,9,4,5,4,4,13,5,4,2
20,A21,6,3,4,5,1,4,4,5,2,1,4,1,6,2,0,4,1,0,3,2,2,0,1,1,2,1,1,1,1,2,1,0,1,0,2,0,0,0,0,0,2,0,1,2,2,0,3,1,5,0,0,2,1,2,0,1,2,0,2,1,4,3,1,6,1,3,1,0,6,5,4,10,11,8,7,5,14,11,21,10,11,16,12,12,15,11,10,20,17,18,19,20,16,12,19,22,19,17,14,26,19,17,23,31,20,24,20,17,30,23,26,29,34,18,17,17,13,19,26,24,22,25,16,24,21,22,22,23,15,19,25,24,10,29,23,11,18,14,17,32,8,23,21,15,14,16,26,24,30,12,20,22,23,18,39,23,19,28,23,18,16,25,26,26,18,25,33,25,15,21,17,16,28,26,26,22,15,18,24,24,20,28,17,23,28,22,18,24,21,23,28,22,29,26,22,12,31,23,30,30,23,29,29,14,32,17,29,15,32,26,18,16,26,17,22,13,9,18,21,9,12,15,9,11,11,18,19,14,12,20,22,18,17,23,16,20,12,10,10,11,14,21,10,9,17,19,12,12,9,11,9,7,17,8,7,18,8,12,13,16,21,16,6,6,6,8,6,10,8,15,11,8,6,9,8,5,10,4,8,4,2,2,4,1,1,8,7,3
21,A22,0,0,0,0,0,0,0,0,0,0,0,0,0,0,0,0,0,0,0,0,0,0,0,0,0,0,0,0,0,0,0,0,0,0,0,0,0,0,0,0,0,0,0,0,0,0,0,0,0,1,1,0,0,0,0,2,0,0,1,1,0,0,0,0,0,1,0,0,1,3,0,1,4,4,4,3,3,7,3,5,6,3,9,9,6,7,12,7,11,30,52,74,73,86,97,86,96,96,101,96,103,79,112,97,110,104,126,105,100,123,115,117,125,114,118,110,141,139,112,112,110,118,116,104,127,114,69,48,59,85,28,46,24,37,33,29,54,34,30,33,25,41,40,46,82,98,68,47,9,0,1,0,7,21,29,15,2,0,0,0,0,0,0,0,0,0,0,0,0,0,0,0,0,0,0,0,0,0,0,0,0,0,0,0,0,0,0,0,0,0,0,0,0,7,19,23,10,4,3,5,2,0,0,0,0,0,0,15,0,13,28,1,0,4,3,0,2,5,25,14,2,12,0,2,1,1,1,19,32,16,6,0,2,1,1,16,22,3,0,0,0,0,0,0,0,0,0,0,0,0,0,0,0,0,0,0,0,0,0,0,0,0,0,0,0,0,0,0,0,0,0,0,0,0,0,1,0,0,0,0,0,0,0,0,0,0,0,0
22,A23,0,0,0,0,0,0,0,0,0,0,0,0,0,0,0,0,0,0,0,0,0,0,0,0,0,0,0,0,0,0,0,0,0,0,0,0,0,0,0,0,0,0,0,0,0,0,0,0,5,5,7,6,15,13,15,8,20,16,13,15,11,28,13,13,23,24,36,27,28,37,41,60,38,59,55,51,63,68,102,76,89,95,90,101,85,112,109,111,101,117,132,167,145,146,185,177,172,164,151,168,183,188,168,191,190,178,184,182,166,184,179,175,196,183,196,191,159,156,198,186,169,165,166,183,179,185,144,145,150,141,134,125,139,111,123,128,123,104,130,92,80,111,112,119,114,130,128,113,98,94,106,117,110,120,118,129,111,128,137,139,119,123,151,137,131,124,106,108,136,126,142,139,124,138,122,116,117,90,87,101,111,79,116,105,80,91,114,90,131,97,125,126,116,97,104,80,64,57,68,77,41,60,79,47,60,82,73,83,75,93,61,62,62,69,76,60,68,72,31,59,97,97,109,97,94,104,73,108,111,101,101,107,116,97,83,104,88,28,0,1,13,44,54,123,88,84,176,189,107,103,110,111,153,160,136,165,158,144,142,116,121,90,94,54,92,55,34,16,28,26,11,12,25,22,6,15,9,15,7,3,5,5,4,0,7,2,4,2
23,A24,0,0,1,0,0,0,0,0,0,0,0,0,0,0,0,0,0,0,0,0,0,0,0,0,0,0,0,0,0,0,0,0,0,0,0,0,0,0,0,0,0,0,0,0,0,0,0,0,0,0,0,0,0,0,0,0,0,0,0,0,0,0,0,0,0,0,0,0,0,0,2,0,0,0,0,0,0,0,0,0,0,0,0,0,0,0,0,0,0,0,0,0,0,0,0,0,0,0,0,0,0,0,1,0,0,0,0,0,0,0,0,0,0,0,0,0,0,0,1,0,0,0,0,1,0,0,1,1,0,1,0,0,0,0,0,0,1,0,0,0,0,0,0,0,0,0,0,0,0,0,0,0,0,0,0,0,0,0,0,0,0,0,0,0,0,0,0,0,0,0,0,0,0,0,0,0,0,0,0,0,0,0,0,0,0,0,0,0,0,0,0,0,0,0,0,0,0,0,0,0,0,0,0,0,0,0,0,0,0,0,0,0,0,0,0,0,0,0,0,0,0,0,0,0,0,0,0,0,0,0,0,0,0,0,0,0,0,0,0,0,0,0,0,0,0,0,0,0,0,0,0,0,0,0,0,0,0,0,0,0,0,0,0,0,0,0,0,0,0,0,0,0,0,0,0,0,0,0,0,0,0,0,0,0,0,0,0,0
24,A25,0,0,0,0,0,0,0,0,0,0,0,0,0,0,0,0,0,0,0,0,0,0,0,0,0,0,0,0,0,0,0,0,0,0,0,0,0,0,0,0,0,0,0,0,0,0,0,0,1,0,0,0,0,0,0,0,0,0,0,0,0,0,0,0,1,0,0,0,0,0,0,0,0,0,0,0,0,0,0,0,0,0,0,0,0,0,0,0,0,0,0,0,0,0,0,0,0,0,0,0,0,0,0,0,0,0,0,1,0,1,0,1,0,0,0,0,0,0,0,0,0,0,0,0,0,0,0,0,0,0,0,0,0,0,0,0,0,0,0,0,0,0,0,0,0,0,0,0,0,0,1,0,0,0,0,0,0,0,0,0,0,0,0,0,0,0,0,1,0,0,0,0,0,0,0,0,0,0,0,0,0,0,0,2,0,0,0,0,0,0,0,0,0,0,0,0,0,0,0,0,0,0,0,0,0,0,0,0,0,2,0,0,0,0,1,0,0,0,0,0,0,0,0,0,0,0,0,0,0,0,0,0,0,0,0,0,0,0,0,0,0,0,0,0,0,0,0,0,0,0,0,0,0,0,0,0,0,0,0,0,0,0,0,0,0,0,0,0,0,0,0,0,0,0,0,0,0,0,0,0,0,0,0,0,0,0,0,0
25,A26,0,0,0,0,1,0,0,0,0,0,0,0,0,0,0,0,0,0,0,0,0,0,0,0,0,0,0,1,0,0,0,0,0,0,0,0,0,0,0,0,0,0,0,0,0,0,0,1,0,0,0,0,0,0,0,0,0,0,0,0,0,0,0,0,0,0,0,0,0,0,0,0,0,0,0,0,0,0,0,0,0,0,0,0,0,0,0,0,0,0,0,0,0,0,0,0,0,0,0,0,1,0,0,0,0,0,0,0,0,1,0,0,0,0,0,0,0,0,0,0,0,0,0,1,0,0,0,0,0,0,0,0,0,0,0,0,0,0,0,0,1,0,0,0,0,0,0,0,0,0,0,0,0,0,0,0,0,0,0,0,0,0,0,1,0,0,0,0,0,0,0,0,0,0,1,0,0,0,0,0,0,0,0,0,0,0,0,0,0,0,0,0,0,0,0,0,0,0,0,0,0,0,0,0,0,0,0,0,0,0,0,0,0,0,0,0,0,0,0,0,0,0,0,0,0,0,0,0,0,0,0,0,0,0,0,0,0,0,0,0,0,0,0,0,0,0,0,0,0,0,0,0,0,0,0,0,0,0,0,0,0,0,0,0,0,0,1,0,0,0,0,0,0,0,0,0,0,0,0,0,0,0,0,0,0,0,0,0
26,A27,0,0,0,0,0,0,0,0,0,0,0,0,0,0,0,0,0,0,0,0,0,0,0,0,0,0,0,0,0,0,0,0,0,0,0,0,0,0,0,0,0,0,0,0,0,0,0,0,0,0,0,0,0,0,0,0,0,0,0,0,0,0,0,0,0,0,0,0,0,0,0,0,0,0,0,0,0,0,0,0,0,0,0,0,0,0,0,0,0,0,0,0,0,0,0,0,0,0,0,0,0,0,0,0,0,0,0,0,0,0,0,0,0,0,0,0,0,0,0,0,0,0,0,0,0,0,0,0,0,0,0,0,0,0,0,0,0,0,0,0,0,0,0,0,0,0,0,0,0,0,0,0,0,0,0,0,0,0,0,0,0,0,0,0,0,0,0,0,0,0,0,0,0,0,0,0,0,0,0,0,0,0,0,0,0,0,0,0,0,0,0,0,0,0,0,0,0,0,0,0,0,0,0,0,0,0,0,0,0,0,0,0,0,0,0,0,0,0,0,0,0,0,0,0,0,0,0,0,0,0,0,0,0,0,0,0,0,0,0,0,0,0,0,0,0,0,0,0,0,0,0,0,0,0,0,0,0,0,0,0,0,0,0,0,0,0,0,0,0,0,0,0,0,0,0,0,0,0,0,0,0,0,0,0,0,0,0,0
27,A28,0,0,0,0,0,0,0,0,0,0,0,0,0,0,0,0,0,0,0,0,0,0,0,0,0,0,0,0,0,0,0,0,0,0,0,0,0,0,0,0,0,0,0,0,0,0,0,0,0,0,0,0,0,0,0,0,0,0,0,0,0,0,0,0,0,0,0,0,0,0,0,0,0,0,0,0,0,0,0,0,0,0,0,0,0,0,0,0,0,0,0,0,0,0,0,0,0,0,0,0,0,0,0,0,0,0,0,0,0,0,0,0,0,0,0,0,0,0,0,0,0,0,0,0,0,0,0,0,0,0,0,0,0,0,0,0,0,0,0,0,0,0,0,0,0,0,0,0,0,0,0,0,0,0,0,0,0,0,0,0,0,0,0,0,0,0,0,0,0,0,0,0,0,0,0,0,0,0,0,0,0,0,0,0,0,0,0,0,0,0,0,0,0,0,0,0,0,0,0,0,0,0,0,0,0,0,0,0,0,0,0,0,0,0,0,0,0,0,0,0,0,0,0,0,0,0,0,0,0,0,0,0,0,0,0,0,0,0,0,0,0,0,0,0,0,0,0,0,0,0,0,0,0,0,0,0,0,0,0,0,0,0,0,0,0,0,0,0,0,0,0,0,0,0,0,0,0,0,0,0,0,0,0,0,0,0,0,0
28,A29,0,23,13,12,13,17,13,11,11,12,16,12,11,11,16,11,10,10,8,9,13,10,2,8,6,7,5,4,5,7,5,8,4,7,11,6,4,7,5,16,3,4,12,4,8,5,13,13,11,8,15,14,18,18,17,19,23,18,19,40,33,36,30,39,43,30,34,38,41,61,45,47,49,54,50,57,52,81,46,67,85,70,67,73,83,71,91,89,83,95,109,80,120,103,112,110,108,97,122,116,128,126,131,135,138,138,127,125,127,131,128,146,136,150,139,142,153,146,147,124,150,112,137,142,115,137,131,122,151,109,111,107,103,105,130,93,93,111,97,111,93,103,86,127,74,109,101,104,94,117,104,87,130,99,140,109,136,136,126,125,124,121,144,105,129,119,116,122,106,106,115,106,145,119,115,108,126,108,111,129,116,91,117,109,98,108,124,121,112,125,107,119,116,105,113,100,110,97,122,118,113,111,105,119,116,119,102,145,82,110,108,74,84,76,75,64,109,81,82,71,114,80,98,80,96,71,93,63,70,69,75,83,77,64,90,73,71,77,68,83,80,75,76,66,83,83,85,68,84,75,61,62,66,68,62,71,48,47,57,61,47,64,55,57,46,45,37,43,45,38,37,45,28,43,41,36,33,26,24,27,22,29,34,17,21,20,23,34
29,A30,28,60,66,46,51,52,37,55,56,41,50,27,19,35,35,31,33,26,34,30,27,29,19,30,23,26,18,19,25,18,18,24,21,20,23,23,22,15,20,20,16,19,11,19,21,10,16,11,16,18,17,10,27,14,13,25,20,25,11,24,29,22,23,24,22,12,26,22,41,39,30,43,30,34,51,37,35,42,37,55,57,74,74,75,71,83,75,80,108,104,92,96,107,115,106,92,115,111,103,127,140,125,134,117,135,145,144,162,132,165,135,156,164,163,174,153,184,185,160,175,166,172,193,209,179,199,192,173,169,170,187,173,180,174,164,145,158,168,144,146,148,171,168,163,144,150,169,150,166,125,144,140,153,151,140,166,185,191,167,171,170,199,174,185,182,223,177,214,168,179,197,185,193,202,205,178,214,191,199,175,189,196,221,197,213,218,210,238,210,197,183,179,209,201,246,239,175,213,218,224,246,245,221,221,275,231,227,271,260,231,264,272,279,241,248,204,231,190,190,234,161,195,153,161,156,152,131,164,222,212,170,172,162,176,192,157,154,193,155,156,148,130,165,165,160,158,170,150,143,188,164,148,165,161,154,139,126,173,148,141,142,139,141,147,125,151,122,121,106,134,114,101,71,93,91,78,80,59,72,60,67,61,63,70,83,58,79,55
30,A31,20,19,14,8,8,22,6,12,9,2,7,12,7,11,7,8,12,5,5,8,3,5,13,15,16,5,5,5,4,8,7,5,5,11,5,2,5,2,7,5,6,6,7,6,7,3,2,1,5,6,7,11,6,6,13,8,13,12,9,11,15,8,8,11,10,14,13,15,15,27,12,19,16,27,47,43,41,41,48,46,51,50,48,58,53,51,64,57,59,72,87,95,73,83,79,95,73,89,81,80,87,91,99,88,94,96,107,93,96,91,100,123,102,95,116,113,105,106,103,108,107,83,95,111,90,100,101,88,87,86,83,72,76,103,85,71,81,64,58,77,83,79,82,58,93,54,73,76,84,72,69,71,83,97,82,98,116,100,90,109,95,100,85,84,105,80,104,98,85,84,90,105,90,84,82,98,87,75,84,93,89,80,74,94,95,96,96,76,95,91,81,73,89,92,98,89,107,89,103,98,90,87,95,100,121,104,106,119,97,85,100,103,85,76,74,88,65,79,78,74,58,70,68,59,68,57,53,63,52,48,56,62,49,52,54,59,68,58,52,53,36,47,42,63,47,52,38,57,54,40,40,31,51,39,38,29,43,30,35,33,29,27,35,35,30,21,20,19,25,17,19,24,33,16,32,16,27,21,24,16,21,26,15,14,12,19,13,17
31,A32,8,0,0,0,0,0,0,0,0,0,0,0,0,0,0,0,0,0,0,0,0,0,0,0,0,0,0,0,0,0,0,0,0,0,0,0,0,0,0,0,0,0,0,0,0,0,0,0,0,0,0,0,0,0,0,0,0,0,0,0,0,0,0,0,0,0,0,0,0,0,0,0,0,0,0,0,0,0,0,0,0,0,0,0,0,0,0,0,0,0,0,0,0,0,0,0,0,0,0,0,0,0,0,0,0,0,0,0,0,0,0,0,0,0,0,0,0,0,0,0,0,0,0,0,0,0,0,0,0,0,0,0,0,0,0,0,0,0,0,0,0,0,0,0,0,0,0,0,0,0,0,0,0,0,0,0,0,0,0,0,0,0,0,0,0,0,0,0,0,0,0,0,0,0,0,0,0,0,0,0,0,0,0,0,0,0,0,0,0,0,0,0,0,0,0,0,0,0,0,0,0,0,0,0,0,0,0,0,0,0,0,0,0,0,0,0,0,0,0,0,0,0,0,0,0,0,0,0,0,0,0,0,0,0,0,0,0,0,0,0,0,0,0,0,0,0,0,0,0,0,0,0,0,0,0,0,0,0,0,0,0,0,0,0,0,0,0,0,0,0,0,0,0,0,0,0,0,0,0,0,0,0,0,0,0,0,0,0
32,A33,37,105,93,80,80,87,75,89,88,86,74,76,60,75,67,55,61,61,67,65,71,55,46,59,65,48,35,57,50,36,42,50,44,39,38,41,37,49,31,42,34,41,48,46,23,25,47,31,38,31,36,24,35,32,43,46,49,43,28,28,58,43,47,37,52,56,61,45,68,61,71,84,82,69,80,89,88,89,128,130,138,140,173,139,162,211,196,181,217,235,271,253,241,265,226,240,260,264,301,275,289,292,310,318,317,302,335,300,336,328,312,346,408,354,349,367,371,411,377,358,411,378,444,360,373,391,415,362,353,334,357,345,370,340,359,341,341,321,319,319,332,340,346,340,330,332,277,316,311,350,349,352,323,334,344,348,351,374,363,355,382,336,370,390,350,392,421,404,426,389,404,396,435,427,412,396,427,421,434,388,391,413,365,446,404,456,493,426,412,375,419,459,463,503,491,486,479,486,485,412,447,501,447,482,483,471,468,479,468,459,466,463,473,467,456,431,378,416,428,417,372,377,366,340,369,335,331,299,328,324,301,287,307,299,306,295,304,286,340,310,331,279,301,309,334,292,387,310,315,301,284,328,339,333,322,326,286,273,268,293,244,278,262,244,245,255,215,216,210,233,209,202,183,193,199,228,134,182,178,170,143,128,134,127,126,146,113,131
33,A34,113,43,31,27,27,25,29,26,24,27,16,22,23,15,31,15,13,21,19,16,13,17,8,17,17,20,9,15,8,11,17,12,4,20,13,13,7,15,10,16,17,14,15,12,10,15,14,23,17,20,19,18,29,19,30,37,33,36,28,43,49,54,39,44,52,46,46,54,61,73,72,71,74,69,95,120,123,112,104,119,144,161,151,143,134,143,152,172,152,168,163,187,191,187,207,201,203,203,140,196,191,233,198,196,226,230,234,224,243,209,215,245,228,260,249,219,259,253,247,230,227,245,238,225,235,235,220,225,226,211,209,198,197,170,223,180,193,160,197,174,189,164,163,143,163,159,142,180,169,171,170,167,160,192,197,183,186,217,210,212,213,196,214,218,167,155,199,179,164,194,201,214,209,190,210,199,198,210,177,59,107,141,107,96,120,134,166,140,129,118,208,196,186,188,210,201,201,198,179,196,198,220,202,179,200,213,197,207,215,171,186,194,164,151,175,158,142,159,142,146,129,150,140,154,159,132,108,129,127,124,113,138,127,146,131,125,125,145,146,132,143,124,105,124,113,116,145,136,105,134,112,110,98,108,117,113,105,103,108,83,97,72,83,79,98,83,82,77,66,69,55,64,61,66,81,49,55,73,60,59,55,49,70,50,43,44,35,55
34,A35,3,16,9,12,19,10,9,8,20,13,6,12,11,8,7,13,8,10,9,10,10,16,6,10,3,12,4,6,7,9,7,10,3,3,4,9,4,13,8,10,4,7,6,4,14,6,6,6,6,6,8,9,9,1,10,9,17,16,19,14,15,12,24,10,14,12,9,17,15,11,13,13,17,19,17,19,20,19,19,17,19,29,23,22,20,20,24,24,34,29,27,41,34,35,28,36,39,45,34,46,42,49,31,46,39,39,55,47,53,44,38,46,51,57,48,52,50,50,42,59,42,47,52,45,46,48,51,32,49,43,61,35,46,42,33,46,50,53,30,40,52,49,43,41,36,45,39,41,46,35,33,40,45,45,51,35,44,40,45,37,50,44,49,47,46,47,48,43,50,40,65,54,51,40,51,48,66,48,48,49,42,38,55,55,49,53,59,45,51,45,39,50,49,42,48,47,50,49,42,49,39,52,47,46,53,51,36,51,50,50,57,31,48,56,48,55,47,57,55,53,42,52,36,47,44,51,55,47,65,42,31,46,43,36,38,29,39,40,32,36,36,31,41,39,50,56,44,44,37,47,40,36,48,42,38,38,38,40,28,35,32,41,29,29,35,40,30,35,33,42,21,36,20,34,24,35,28,16,31,23,29,41,25,29,24,20,22,22
